state,Biden,Trump,Jorgensen,Year
UNITED STATES,47.81598605097757,50.882550392960994,1.301463556061448,2020
UNITED STATES,52.77501617280436,46.071937216040176,1.153046611155461,2020
