state,Biden,Trump,Jorgensen
GEORGIA,47.815986050977564,50.882550392960994,1.301463556061448
TEXAS,52.77501617280436,46.071937216040176,1.153046611155461
